,word,pn
0,あがく,-1
1,あきらめる,-1
2,あきる,-1
3,あきれる,-1
5,あせる,-1
6,あなどる,-1
7,あやしむ,-1
8,あやぶむ,-1
9,あやまる,-1
10,あらそ,-1
11,あわてる,-1
12,いたたまれない,-1
13,いたむ,-1
14,いつわる,-1
15,いらだたしい,-1
16,いら立つ,-1
17,うつうつ,-1
18,うなだれる,-1
19,うなる,-1
20,うらむ,-1
21,うんざり,-1
22,おちいる,-1
23,おぼれる,-1
24,かさばる,-1
25,かなう,-1
26,かなしむ,-1
27,がたつく,-1
28,がっくり,-1
29,くさる,-1
30,くずれる,-1
31,くたびれる,-1
32,くやむ,-1
33,くるしむ,-1
34,けだるい,-1
35,こじらせる,-1
36,こそばゆい,-1
37,こたえる,-1
38,こぼす,-1
39,こまる,-1
40,こりる,-1
41,こわさ,-1
42,さじ,-1
43,しから,-1
44,しくじる,-1
45,しょぼくれる,-1
46,しょんぼり,-1
47,しんみり,-1
48,せんない,-1
49,たおれる,-1
50,ためらう,-1
51,だま,-1
52,だます,-1
53,だれる,-1
54,ちがう,-1
55,つぶす,-1
56,つぶれる,-1
57,つまずく,-1
58,つらい,-1
59,とがめる,-1
60,なやむ,-1
61,ねじれる,-1
62,のぼせる,-1
63,はげる,-1
64,はずかしい,-1
65,ばつ,-1
66,ひきつる,-1
67,ひっかかる,-1
68,ひもじい,-1
69,びびる,-1
70,ふらつく,-1
71,ぶつかる,-1
72,ぶれる,-1
73,ぼける,-1
75,まごつく,-1
76,むかっと,-1
77,むかつく,-1
78,むせる,-1
79,むせ返る,-1
80,めくら,-1
81,もたつく,-1
82,もだえる,-1
83,もつれる,-1
84,もてあます,-1
85,やつれる,-1
86,やむない,-1
87,やむをえない,-1
88,ゆがむ,-1
89,ゆきづまる,-1
90,よごす,-1
91,よごれる,-1
92,わすれる,-1
93,ガックリ,-1
94,ストレス,-1
95,ツライ,-1
96,ビビる,-1
97,ポシャる,-1
98,阿鼻叫喚,-1
102,意気,-1
103,引っ掛かる,-1
104,引っ繰り返る,-1
105,厭う,-1
106,怨む,-1
107,汚さ,-1
108,汚す,-1
109,汚れる,-1
110,臆する,-1
112,苛,-1
114,苛苛,-1
115,苛立つ,-1
117,我慢,-1
119,餓える,-1
120,壊さ,-1
121,壊れる,-1
122,怪しむ,-1
123,悔しい,-1
124,悔やむ,-1
126,渇く,-1
127,堪えがたい,-1
128,堪える,-1
129,堪え難い,-1
131,干からびる,-1
132,患い,-1
133,患う,-1
134,憾む,-1
135,間違う,-1
136,陥る,-1
137,危ぶむ,-1
138,忌み,-1
139,忌み嫌う,-1
140,機嫌,-1
142,気,-1
152,気がかり,-1
154,気まずい,-1
155,気持ち,-1
157,飢える,-1
158,偽る,-1
159,疑う,-1
160,詰まる,-1
161,逆らえ,-1
162,虚しい,-1
164,許せ,-1
165,恐る,-1
166,恐れる,-1
167,狂う,-1
168,狂する,-1
169,胸,-1
170,胸くそ,-1
171,胸苦しい,-1
172,胸糞,-1
174,興醒める,-1
175,驚愕,-1
176,業,-1
177,苦しい,-1
178,苦しむ,-1
179,苦しめ,-1
180,苦汁,-1
181,苦慮,-1
182,欠く,-1
183,欠ける,-1
184,血の気,-1
185,嫌う,-1
186,嫌がる,-1
187,肩,-1
188,肩身,-1
189,見そこなう,-1
190,見失う,-1
191,見損なう,-1
192,見落とす,-1
193,遣り,-1
194,戸惑う,-1
195,枯れる,-1
196,後ろ,-1
197,後ろめたい,-1
198,後口,-1
199,後味,-1
200,誤る,-1
201,慌てる,-1
202,荒れる,-1
203,行,-1
204,行き過ぎる,-1
205,行き詰まる,-1
206,行き詰る,-1
207,行詰る,-1
208,降参,-1
209,降伏,-1
210,降服,-1
211,腰,-1
212,骨,-1
213,困る,-1
214,恨む,-1
215,根,-1
216,混む,-1
217,砕ける,-1
218,錆びる,-1
219,散らかる,-1
220,散る,-1
221,刺さる,-1
222,死さ,-1
223,死ぬ,-1
224,持て余す,-1
225,耳,-1
226,自信,-1
229,辞める,-1
230,失う,-1
231,失っ,-1
232,疾しい,-1
233,寂しい,-1
234,弱る,-1
235,取り逃がす,-1
237,手,-1
238,手間取る,-1
239,腫れる,-1
241,首,-1
242,臭う,-1
243,縮む,-1
244,出来,-1
246,傷つける,-1
247,傷む,-1
248,傷付ける,-1
249,嘗める,-1
250,小首,-1
251,小腹,-1
252,焦る,-1
253,障る,-1
254,乗り遅れる,-1
255,情ない,-1
256,色,-1
257,侵す,-1
258,心外,-1
260,心細い,-1
261,申し訳,-1
262,辛い,-1
263,辛め,-1
267,震える,-1
268,衰える,-1
270,逝く,-1
271,切ない,-1
272,折ら,-1
273,舌,-1
274,争う,-1
275,遭う,-1
276,憎い,-1
277,憎たらしい,-1
278,損,-1
279,損なう,-1
280,損ねる,-1
281,太る,-1
282,堕ちる,-1
283,妥協,-1
284,耐え,-1
285,耐えがたい,-1
286,怠る,-1
287,退かさ,-1
288,嘆く,-1
289,歎,-1
290,断た,-1
291,恥ずかしい,-1
292,遅れ,-1
293,遅れる,-1
295,懲りる,-1
296,懲り懲り,-1
300,頂け,-1
301,墜ちる,-1
302,痛い,-1
303,痛む,-1
304,痛める,-1
305,潰れる,-1
306,諦める,-1
307,溺れる,-1
308,転ぶ,-1
309,吐き出す,-1
310,妬む,-1
311,途方,-1
312,怒る,-1
313,倒れる,-1
314,凍える,-1
315,悼む,-1
316,盗ま,-1
317,盗む,-1
318,当たら,-1
319,当て,-1
322,頭,-1
326,曇る,-1
327,悩む,-1
328,馬鹿,-1
329,廃れる,-1
330,敗ける,-1
331,敗れる,-1
332,背く,-1
333,曝す,-1
334,抜か,-1
335,叛,-1
336,犯す,-1
337,悲しむ,-1
338,疲れ,-1
339,疲れる,-1
340,被る,-1
341,謬,-1
342,貧する,-1
343,不満,-1
345,怖,-1
346,怖じ,-1
347,怖気付く,-1
348,腐る,-1
349,負う,-1
350,負ける,-1
351,侮る,-1
354,腹立たしい,-1
355,腹立つ,-1
356,文句,-1
358,聞こえる,-1
359,閉まる,-1
360,別れる,-1
361,偏る,-1
362,呆れる,-1
363,崩さ,-1
364,崩す,-1
365,崩れる,-1
366,飽きる,-1
367,亡くす,-1
368,亡くする,-1
369,亡びる,-1
370,妨げる,-1
371,忘れる,-1
372,冒す,-1
373,膨れる,-1
374,謀る,-1
375,無くす,-1
376,迷う,-1
377,滅びる,-1
378,面目,-1
380,面目次第,-1
381,蒙る,-1
384,落ち込む,-1
385,落とさ,-1
386,落とし,-1
387,乱れる,-1
389,裂ける,-1
390,路頭,-1
391,漏らす,-1
392,漏れる,-1
393,老いる,-1
394,歪む,-1
395,詫びる,-1
396,咎める,-1
397,咬ま,-1
398,毀す,-1
399,毀れる,-1
400,憑,-1
401,罹る,-1
402,挾ま,-1
403,涸れる,-1
404,疵付ける,-1
405,縺れる,-1
406,茫然,-1
410,茫漠,-1
411,躊躇う,-1
412,躓く,-1
413,轢く,-1
414,騙す,-1
415,,-1
418,あく,-1
419,あくどい,-1
420,あざとい,-1
425,あばずれ,-1
429,あほらしい,-1
430,あやしい,-1
431,あやふや,-1
433,あらい,-1
434,あらっぽい,-1
436,あり,-1
437,ありふれる,-1
439,ある,-1
441,あわせ,-1
442,あんぽんたん,-1
447,いかがわしい,-1
448,いかつい,-1
449,いぎたない,-1
450,いけ好かない,-1
451,いけ図々しい,-1
452,いこじ,-1
454,いじいじ,-1
455,いじける,-1
456,いじましい,-1
457,いぶかしい,-1
458,いまいち,-1
459,いまいましい,-1
460,いまひとつ,-1
461,いまわしい,-1
462,いま一つ,-1
463,いやがる,-1
464,いやしい,-1
465,いやらしい,-1
466,いろあせる,-1
467,いわく,-1
468,いんちき,-1
469,うじうじ,-1
470,うす汚い,-1
471,うとい,-1
476,うらめしい,-1
477,うら寂しい,-1
478,うら悲しい,-1
479,えげつない,-1
480,おこがましい,-1
481,おしい,-1
482,おせっかい,-1
486,おそい,-1
487,おそまつ,-1
489,おぞましい,-1
490,おためごかし,-1
492,おたんこなす,-1
496,おっかない,-1
497,おっくう,-1
501,おっさん,-1
502,おっちょこちょい,-1
504,おばさん,-1
505,おびやかす,-1
506,おもはゆい,-1
507,おんぼろ,-1
515,お節介,-1
519,お粗末,-1
523,かっこ,-1
524,かったるい,-1
525,かみ合う,-1
527,かん高い,-1
528,がさつ,-1
530,がっかり,-1
531,がつがつ,-1
532,がめつい,-1
533,ききにくい,-1
534,きちきち,-1
535,きつい,-1
536,きびしい,-1
537,きゅうきゅう,-1
538,ぎくしゃく,-1
539,ぎこちない,-1
540,ぎごち,-1
541,ぎすぎす,-1
542,ぎちぎち,-1
543,ぎゅうぎゅう,-1
544,ぎょうぎょうしい,-1
545,ぎょっと,-1
546,くしゃくしゃ,-1
547,くそ,-1
549,くだらない,-1
550,くどい,-1
551,ぐしゃぐしゃ,-1
552,ぐしょぐしょ,-1
554,ぐじゃぐじゃ,-1
556,ぐずぐず,-1
557,ぐずる,-1
558,ぐにゃぐにゃ,-1
561,ぐらぐら,-1
562,ぐらつく,-1
563,けがらわしい,-1
564,けしからん,-1
568,けちけち,-1
570,けちん坊,-1
574,けばけば,-1
575,けばけばしい,-1
576,けわしい,-1
577,けんのん,-1
579,げっそり,-1
580,こしゃく,-1
582,こすい,-1
583,こせこせ,-1
584,こっぴどい,-1
585,こっ酷い,-1
586,こてんこてん,-1
588,ごしゃごしゃ,-1
589,ごちゃごちゃ,-1
590,ごっちゃ,-1
592,ごてごて,-1
593,ごみごみ,-1
594,ご法度,-1
598,さもしい,-1
599,しかた,-1
600,しかつめらしい,-1
601,しつこい,-1
602,しどろ,-1
604,しどろもどろ,-1
606,しみったれる,-1
607,しょうが,-1
608,しょぼい,-1
609,しょぼしょぼ,-1
610,しらじらしい,-1
611,しわくちゃ,-1
615,しわしわ,-1
616,しんどい,-1
617,しんねり,-1
618,じじむさい,-1
619,じゃじゃ馬,-1
625,じゃま,-1
626,じれったい,-1
627,すかたん,-1
631,すげない,-1
632,すじ,-1
633,すたれる,-1
634,ずうずうしい,-1
635,ずるい,-1
636,ずれる,-1
637,ずんべらぼう,-1
641,せこい,-1
642,せせこましい,-1
643,せっかち,-1
645,せわしい,-1
646,せわしない,-1
647,そぐわない,-1
648,そそっかしい,-1
649,そっけ,-1
650,そらぞらしい,-1
651,ぞっと,-1
652,ぞんざい,-1
654,たけだけしい,-1
655,たじたじ,-1
656,たどたどしい,-1
657,たより,-1
659,だぶつく,-1
660,だらし,-1
663,だるい,-1
664,ちぐはぐ,-1
666,ちっぽけ,-1
668,ちび,-1
670,ちまちま,-1
671,ちゃち,-1
676,ちゃらっぽこ,-1
680,ちんちくりん,-1
684,ちんまり,-1
685,つかむ,-1
686,つたない,-1
688,つまらない,-1
689,つまる,-1
690,つれない,-1
691,つんつるてん,-1
695,できる,-1
696,でくの坊,-1
700,でしゃばる,-1
701,とげ,-1
702,とげとげしい,-1
703,とっつく,-1
704,とぼける,-1
706,とりとめる,-1
707,とろい,-1
708,とんがる,-1
709,とんちんかん,-1
713,とんでも,-1
714,とんま,-1
718,ど,-1
724,どぎつい,-1
725,どけ,-1
727,どじ,-1
733,どす黒い,-1
734,どっち,-1
736,どん,-1
737,なおざり,-1
739,なごりおしい,-1
740,なじむ,-1
742,なまぬるい,-1
743,なよなよ,-1
744,なれなれしい,-1
745,にちゃにちゃ,-1
746,にぶい,-1
747,にべ,-1
749,ねたましい,-1
750,ねちねち,-1
751,のらりくらり,-1
756,のろい,-1
757,のろくさい,-1
758,のろのろ,-1
759,のろま,-1
763,はかばかしい,-1
764,はしたない,-1
765,はずれ,-1
769,はで,-1
775,ばか,-1
779,ばかくさい,-1
780,ばっちい,-1
781,ばらつき,-1
782,ひやひや,-1
783,ひょろひょろ,-1
784,ひ弱い,-1
785,びしょびしょ,-1
787,ふがいない,-1
789,ふつつか,-1
791,ふてぶてしい,-1
792,ふにゃふにゃ,-1
795,ふらふら,-1
796,ふんぞり返る,-1
797,ぶよぶよ,-1
802,へいこら,-1
803,へそ曲がり,-1
807,へたくそ,-1
809,へとへと,-1
811,へなへな,-1
812,べとつく,-1
813,べとべと,-1
814,ぺしゃんこ,-1
818,ぺてん師,-1
822,ほど遠い,-1
823,ぼさっと,-1
824,ぼやける,-1
825,ぼやぼや,-1
826,ぼろい,-1
827,ぼろぼろ,-1
829,ぼんくら,-1
833,ぼんやり,-1
834,まがい物,-1
840,まがまがしい,-1
841,まごまご,-1
842,まだるっこい,-1
843,ままならない,-1
845,みすぼらしい,-1
846,みっともない,-1
847,みにくい,-1
848,みみっちい,-1
849,むかむか,-1
850,むごい,-1
851,むごたらしい,-1
852,むさい,-1
853,むさくるしい,-1
854,むっと,-1
855,むなぐるしい,-1
856,むなしい,-1
857,めそめそ,-1
858,めちゃくちゃ,-1
860,めちゃめちゃ,-1
862,めんどう,-1
863,めんどうくさい,-1
864,めんどくさい,-1
865,もう,-1
866,もたつき,-1
867,もっさり,-1
868,もったいない,-1
869,もってのほか,-1
873,もどかしい,-1
874,ものうい,-1
875,ものすさまじい,-1
876,ものたりない,-1
877,もの狂おしい,-1
878,もの凄まじい,-1
879,もの悲しい,-1
880,やかましい,-1
881,やきもき,-1
882,やっかい,-1
884,やにっこい,-1
885,やばい,-1
886,やぶさか,-1
888,やぼ,-1
890,やぼったい,-1
891,やましい,-1
892,ややこしい,-1
893,やりきれない,-1
894,やり切れない,-1
895,やるせない,-1
896,やわ,-1
898,やわい,-1
899,ゆゆしい,-1
900,ゆるい,-1
901,よけい,-1
905,よそよそしい,-1
906,よれよれ,-1
908,よれる,-1
909,よわい,-1
910,よんどころない,-1
911,らち,-1
912,ろくでなし,-1
916,わいせつ,-1
920,わかる,-1
921,わざとらしい,-1
922,わずらわしい,-1
923,わびしい,-1
924,わや,-1
926,わやく,-1
928,アウト,-1
932,アホ,-1
936,アン,-1
940,イカ,-1
941,イマイチ,-1
945,イレギュラ,-1
946,イレギュラー,-1
947,インチキ,-1
951,インパクト,-1
956,エキセントリック,-1
958,エゴイスト,-1
962,エッチ,-1
963,オーソドックス,-1
964,オマケ,-1
965,オモチャ,-1
966,オヤジ,-1
967,オリジナリティ,-1
968,カッコ,-1
969,ガキ,-1
970,ガタ落ち,-1
971,ガチガチ,-1
973,キズ,-1
974,キツイ,-1
975,キリ,-1
976,ギクシャク,-1
977,ギュウギュウ,-1
979,クセ,-1
981,グルーミー,-1
982,グロ,-1
986,グロッキー,-1
990,グロテスク,-1
992,コワい,-1
993,ショッキング,-1
995,ショック,-1
996,ショボ,-1
997,シリアス,-1
999,ジャジャ馬,-1
1003,ズレる,-1
1004,センス,-1
1005,ダーティ,-1
1006,ダーティー,-1
1007,ダサい,-1
1008,チグハグ,-1
1010,チャチ,-1
1011,チャラチャラ,-1
1012,ディプレッション,-1
1013,デカ,-1
1014,デプレッション,-1
1015,ノイジー,-1
1016,ノンセンス,-1
1020,バタくさい,-1
1021,バタ臭い,-1
1022,バラツキ,-1
1023,パワー,-1
1024,ヒステリック,-1
1026,ヒヤヒヤ,-1
1028,ヘン,-1
1030,ミーハー,-1
1032,ミス,-1
1033,メチャメチャ,-1
1035,メランコリック,-1
1036,メリハリ,-1
1037,ヤワ,-1
1039,ヨレヨレ,-1
1043,ワーストワン,-1
1047,ワンマン,-1
1049,唖然,-1
1053,阿呆,-1
1060,哀しい,-1
1061,哀しむ,-1
1062,哀れ,-1
1063,愛想,-1
1065,悪,-1
1069,悪い,-1
1070,悪賢い,-1
1071,悪達者,-1
1075,悪辣,-1
1077,扱い,-1
1079,安っぽい,-1
1080,安普請,-1
1082,安物,-1
1086,暗い,-1
1087,暗む,-1
1088,暗愚,-1
1092,暗鬱,-1
1094,暗澹,-1
1099,意気地無し,-1
1103,意固地,-1
1105,意志,-1
1109,意地,-1
1111,意地っぱり,-1
1115,意地っ張り,-1
1119,意地汚い,-1
1120,意地張り,-1
1124,違和感,-1
1129,一巻,-1
1131,一苦労,-1
1132,一文惜しみ,-1
1136,引っ込み,-1
1138,引っ込み思案,-1
1142,淫蕩,-1
1146,淫猥,-1
1148,淫靡,-1
1152,陰うつ,-1
1154,陰気臭い,-1
1155,陰険,-1
1157,陰惨,-1
1159,陰湿,-1
1161,陰鬱,-1
1163,烏滸がましい,-1
1164,迂遠,-1
1166,迂愚,-1
1168,迂闊,-1
1170,雲泥の差,-1
1175,影,-1
1177,厭,-1
1179,厭わしい,-1
1180,怨めしい,-1
1181,縁,-1
1183,汚い,-1
1184,汚らしい,-1
1185,汚らわしい,-1
1186,汚れ,-1
1187,汚穢,-1
1191,奥行き,-1
1192,押し,-1
1193,押し付けがましい,-1
1194,横柄,-1
1196,横様,-1
1198,臆病者,-1
1204,下らない,-1
1205,下賎,-1
1207,下等,-1
1209,下劣,-1
1213,可哀相,-1
1216,禍々しい,-1
1217,禍禍しい,-1
1218,苛酷,-1
1220,苛烈,-1
1222,過ち,-1
1223,過酷,-1
1225,我が物顔,-1
1229,画一,-1
1231,怪しい,-1
1232,怪しげ,-1
1234,怪異,-1
1236,怪奇,-1
1238,格好,-1
1239,角,-1
1240,角張り,-1
1241,隔靴掻痒,-1
1245,隔心,-1
1249,楽しみ,-1
1250,割に,-1
1251,恰好,-1
1253,寒々,-1
1254,寒ざむ,-1
1255,寒寒,-1
1256,勘弁,-1
1257,感情,-1
1259,甘,-1
1260,甘ったれる,-1
1261,緩い,-1
1262,間,-1
1264,間延び,-1
1267,閑散,-1
1269,頑愚,-1
1273,頑冥,-1
1275,頑迷,-1
1277,顔負け,-1
1281,危うい,-1
1282,危ない,-1
1283,危なっかしい,-1
1284,奇々怪々,-1
1288,奇っ怪,-1
1290,奇奇怪怪,-1
1294,奇態,-1
1296,希薄,-1
1298,忌まわしい,-1
1299,忌わしい,-1
1300,機械,-1
1314,気ぜわしい,-1
1315,気むずかしい,-1
1316,気弱,-1
1318,気取っ,-1
1319,気色,-1
1320,気早,-1
1322,気短,-1
1324,気難しい,-1
1325,気付き,-1
1326,気分,-1
1327,気忙しい,-1
1328,気味が悪い,-1
1329,稀薄,-1
1331,儀式張っ,-1
1332,戯け,-1
1335,疑い深い,-1
1336,疑わしい,-1
1337,疑問,-1
1338,詰屈,-1
1340,逆賊,-1
1344,泣き所,-1
1348,泣き虫,-1
1352,居丈高,-1
1354,虚仮,-1
1358,許し,-1
1359,凶漢,-1
1363,凶暴,-1
1365,凶猛,-1
1369,強情,-1
1373,強情っぱり,-1
1375,強欲,-1
1377,怯懦,-1
1381,恐るべき,-1
1382,恐れ,-1
1383,恐れ多い,-1
1384,狂わしい,-1
1385,狂人,-1
1389,狂暴,-1
1391,狂乱,-1
1392,狭苦しい,-1
1393,狭量,-1
1395,狭隘,-1
1397,脅かす,-1
1398,興味,-1
1399,驚き,-1
1400,仰々しい,-1
1401,仰仰しい,-1
1406,極貧,-1
1410,僅少,-1
1414,近目,-1
1418,銀流し,-1
1422,苦,-1
1423,苦々しい,-1
1424,苦し紛れ,-1
1426,苦肉の策,-1
1435,愚か,-1
1436,愚かしい,-1
1437,愚人,-1
1441,愚図,-1
1445,愚直,-1
1449,愚鈍,-1
1453,愚物,-1
1457,愚昧,-1
1459,愚劣,-1
1463,空々しい,-1
1464,空しい,-1
1465,空回り,-1
1466,空恐ろしい,-1
1467,空空しい,-1
1468,空疎,-1
1470,空中,-1
1474,屈伏,-1
1475,屈服,-1
1476,型,-1
1477,形無し,-1
1481,軽々しい,-1
1482,軽はずみ,-1
1486,軽視,-1
1487,軽蔑,-1
1488,軽躁,-1
1492,激越,-1
1494,隙,-1
1495,欠陥,-1
1499,喧しい,-1
1500,喧嘩腰,-1
1504,堅苦しい,-1
1505,堅物,-1
1509,嫌,-1
1510,嫌み,-1
1514,嫌味,-1
1516,見えっ張り,-1
1518,見ぐるしい,-1
1519,見づらい,-1
1520,見にくい,-1
1523,見下す,-1
1524,見苦しい,-1
1526,険しい,-1
1527,険悪,-1
1531,険難,-1
1534,厳つい,-1
1535,厳酷,-1
1537,幻怪,-1
1541,言語道断,-1
1545,個性,-1
1547,古めかしい,-1
1548,古臭い,-1
1549,固陋,-1
1551,姑息,-1
1553,胡散臭い,-1
1554,誇大,-1
1560,後の祭り,-1
1565,御,-1
1567,御機嫌,-1
1571,御大層,-1
1573,効き,-1
1576,厚かましい,-1
1577,厚ぼったい,-1
1578,厚顔,-1
1580,口,-1
1583,口惜しい,-1
1584,口先,-1
1586,向う見ず,-1
1588,好い加減,-1
1590,好きもの,-1
1594,好き嫌い,-1
1596,巧言令色,-1
1600,慌しい,-1
1601,慌ただしい,-1
1602,甲斐性,-1
1607,荒々しい,-1
1608,荒くれ,-1
1609,荒っぽい,-1
1610,荒らか,-1
1612,荒荒しい,-1
1613,荒削り,-1
1617,荒誕,-1
1621,荒唐,-1
1625,高慢,-1
1629,高慢ちき,-1
1633,剛愎,-1
1637,合わせ,-1
1638,酷,-1
1643,酷い,-1
1644,酷しい,-1
1645,酷薄,-1
1649,酷烈,-1
1653,腰砕け,-1
1657,腰弱,-1
1659,腰抜け,-1
1663,今ひとつ,-1
1664,今一つ,-1
1669,恨めしい,-1
1671,根性,-1
1675,根無し,-1
1679,差,-1
1682,差し支える,-1
1683,差し出がましい,-1
1684,差支える,-1
1685,差別,-1
1687,細細,-1
1688,在り来り,-1
1690,罪ぶかい,-1
1691,罪作り,-1
1695,罪深い,-1
1696,策士,-1
1700,擦れっ枯らし,-1
1704,殺人,-1
1706,殺伐,-1
1709,殺伐と,-1
1710,雑,-1
1714,雑然,-1
1717,惨い,-1
1718,惨たらしい,-1
1719,惨烈,-1
1723,惨憺,-1
1727,散々,-1
1729,散散,-1
1731,酸鼻,-1
1735,残り惜しい,-1
1736,残り多い,-1
1737,残刻,-1
1739,残忍,-1
1743,仕方,-1
1746,使い,-1
1750,刺々しい,-1
1751,刺刺しい,-1
1752,子供,-1
1753,子供だまし,-1
1757,子供騙し,-1
1761,思いきり,-1
1762,思い切り,-1
1763,思わしくない,-1
1764,支障,-1
1765,脂,-1
1766,脂っこい,-1
1768,歯痒い,-1
1769,耳年増,-1
1773,自縄自縛,-1
1777,七転八倒,-1
1781,七面倒臭い,-1
1782,執念深い,-1
1783,質感,-1
1784,邪険,-1
1786,邪魔,-1
1788,邪魔くさい,-1
1789,邪慳,-1
1791,寂しげ,-1
1795,寂れる,-1
1796,寂寞,-1
1800,弱々しい,-1
1801,弱り目,-1
1809,弱虫,-1
1813,守銭奴,-1
1823,手ぬるい,-1
1824,手ひどい,-1
1825,手緩い,-1
1826,手狭,-1
1830,手厳しい,-1
1831,手荒,-1
1833,手荒い,-1
1834,手酷い,-1
1835,手重い,-1
1836,手痛い,-1
1837,手薄,-1
1843,受け入れ,-1
1844,受け付け,-1
1845,呪わしい,-1
1846,臭い,-1
1847,醜い,-1
1848,重々しい,-1
1849,重苦しい,-1
1850,重重しい,-1
1851,術無い,-1
1852,峻険,-1
1854,峻厳,-1
1856,峻嶮,-1
1858,暑がり,-1
1862,暑苦しい,-1
1863,女たらし,-1
1867,女女しい,-1
1868,小,-1
1869,小汚い,-1
1870,小気味,-1
1871,小賢しい,-1
1872,小心翼翼,-1
1876,小憎らしい,-1
1877,小便,-1
1878,小面憎い,-1
1879,小利口,-1
1881,小癪,-1
1882,焦れったい,-1
1883,省き,-1
1884,笑止千万,-1
1887,上っ面,-1
1888,上滑り,-1
1890,上辷り,-1
1892,冗談,-1
1893,冗長,-1
1895,冗漫,-1
1897,情け,-1
1900,情けない,-1
1901,情強,-1
1903,色あせる,-1
1904,色気,-1
1905,尻,-1
1908,尻ごみ,-1
1909,尻軽,-1
1911,尻込み,-1
1912,伸び,-1
1913,信じ,-1
1914,寝覚め,-1
1915,寝苦しい,-1
1920,心,-1
1923,心許ない,-1
1924,心許無い,-1
1925,心苦しい,-1
1926,心無い,-1
1927,心憂い,-1
1928,新鮮味,-1
1929,深み,-1
1932,身の程知らず,-1
1936,辛気,-1
1937,辛気臭い,-1
1938,人,-1
1940,人気,-1
1942,人泣かせ,-1
1946,人聞き,-1
1948,人目,-1
1949,人恋しい,-1
1950,図々しい,-1
1951,水の泡,-1
1956,水臭い,-1
1957,嵩張る,-1
1958,寸づまり,-1
1962,寸足らず,-1
1966,世間,-1
1967,世知辛い,-1
1968,凄惨,-1
1972,凄絶,-1
1976,性悪,-1
1978,生ぬるい,-1
1979,生硬,-1
1981,生煮え,-1
1985,青臭い,-1
1986,青二才,-1
1990,脆い,-1
1991,惜しい,-1
1992,惜しくも,-1
1993,拙い,-1
1994,拙劣,-1
1996,節度,-1
1997,絶体絶命,-1
2001,絶望,-1
2003,舌先三寸,-1
2007,戦闘,-1
2009,浅はか,-1
2011,浅ましい,-1
2012,浅薄,-1
2014,浅慮,-1
2018,詮無い,-1
2019,賎しい,-1
2020,疎い,-1
2021,疎か,-1
2023,疎ましい,-1
2024,疎略,-1
2028,粗削り,-1
2032,粗雑,-1
2034,粗大,-1
2036,粗暴,-1
2040,粗末,-1
2042,粗野,-1
2044,粗笨,-1
2048,素,-1
2049,素っ気,-1
2053,素っ頓狂,-1
2055,素頓狂,-1
2057,鼠輩,-1
2061,早計,-1
2065,騒々しい,-1
2066,騒がしい,-1
2067,騒然たる,-1
2068,騒騒しい,-1
2069,増悪,-1
2070,憎々しい,-1
2071,憎体,-1
2073,息苦しい,-1
2074,俗っぽい,-1
2075,俗悪,-1
2079,俗物,-1
2083,俗離れ,-1
2087,卒爾,-1
2091,遜色,-1
2092,多情,-1
2096,惰弱,-1
2098,駄目,-1
2099,耐え難い,-1
2100,態とらしい,-1
2101,態度,-1
2102,大,-1
2103,大仰,-1
2105,大愚,-1
2109,大形,-1
2111,大嫌い,-1
2113,濁る,-1
2114,嘆かわしい,-1
2115,短慮,-1
2121,男尊女卑,-1
2125,値,-1
2126,恥知らず,-1
2130,恥曝し,-1
2132,痴れ者,-1
2136,稚気,-1
2140,致し方,-1
2142,致命,-1
2144,遅々たる,-1
2145,遅い,-1
2146,遅緩,-1
2150,遅鈍,-1
2154,茶番,-1
2158,虫,-1
2161,虫酸,-1
2162,張りつめる,-1
2163,張り出し,-1
2164,挑発,-1
2166,調子はずれ,-1
2170,長たらしい,-1
2171,沈痛,-1
2173,沈鬱,-1
2177,陳腐,-1
2179,痛々しい,-1
2180,痛ましい,-1
2181,低級,-1
2183,低質,-1
2187,低俗,-1
2189,低能,-1
2193,低劣,-1
2195,底,-1
2197,底意地,-1
2198,程遠い,-1
2199,締まり,-1
2202,締まり屋,-1
2206,締り,-1
2208,諦め,-1
2209,泥くさい,-1
2210,泥臭い,-1
2211,鉄面皮,-1
2213,天保銭,-1
2217,田舎,-1
2220,徒,-1
2222,徒爾,-1
2226,杜撰,-1
2232,都合,-1
2233,度,-1
2234,度し難い,-1
2235,土,-1
2236,土臭い,-1
2237,怒り,-1
2243,盗人,-1
2244,逃げ腰,-1
2257,毒々しい,-1
2258,独断,-1
2260,突拍子,-1
2261,突慳貪,-1
2267,鈍,-1
2269,鈍根,-1
2273,鈍重,-1
2277,鈍物,-1
2281,内弁慶,-1
2285,馴れ馴れしい,-1
2286,難,-1
2287,難物,-1
2293,日陰者,-1
2297,乳臭,-1
2301,乳臭い,-1
2302,入り,-1
2304,如何わしい,-1
2313,熱鬧,-1
2317,年寄り,-1
2318,粘っこい,-1
2319,悩ましい,-1
2320,能,-1
2321,能無し,-1
2325,波,-1
2326,派手,-1
2330,破壊,-1
2332,破戒無慙,-1
2336,破滅,-1
2338,破廉恥,-1
2343,馬耳東風,-1
2354,馬鹿らしい,-1
2355,馬鹿臭い,-1
2356,馬鹿馬鹿しい,-1
2358,買い得,-1
2359,売国奴,-1
2363,白々しい,-1
2364,白眼,-1
2365,薄ぎたない,-1
2366,薄ぐらい,-1
2367,薄っぺら,-1
2369,薄暗い,-1
2370,薄汚い,-1
2371,薄気味悪い,-1
2372,薄馬鹿,-1
2380,迫力,-1
2381,漠漠,-1
2385,莫迦,-1
2389,八方美人,-1
2393,髪の毛,-1
2394,罰金,-1
2395,抜差し,-1
2396,半可通,-1
2400,半間,-1
2402,半人前,-1
2407,反対,-1
2408,繁雑,-1
2410,煩わしい,-1
2411,卑しい,-1
2412,卑しんぼう,-1
2416,卑しん坊,-1
2420,卑わい,-1
2422,卑賎,-1
2426,卑俗,-1
2428,卑劣,-1
2430,卑猥,-1
2432,卑陋,-1
2436,否定,-1
2438,悲しい,-1
2439,悲酸,-1
2441,悲壮,-1
2445,悲愴,-1
2449,皮相,-1
2451,非,-1
2453,非の打ち所,-1
2454,尾篭,-1
2456,鼻,-1
2457,鼻っぱし,-1
2458,鼻っ柱,-1
2460,鼻持ち,-1
2461,鼻息,-1
2462,表六玉,-1
2466,品,-1
2467,貧しい,-1
2468,貧寒,-1
2472,貧賎,-1
2474,貧相,-1
2478,貧乏,-1
2479,貧乏人,-1
2483,不,-1
2498,不ぞろい,-1
2502,不まじめ,-1
2504,不穏,-1
2506,不穏当,-1
2510,不可解,-1
2512,不可思議,-1
2514,不格好,-1
2518,不恰好,-1
2522,不謹慎,-1
2524,不見識,-1
2526,不甲斐ない,-1
2527,不行き届き,-1
2529,不行届,-1
2531,不行届き,-1
2533,不作法,-1
2537,不充分,-1
2539,不承知,-1
2543,不粋,-1
2547,不正直,-1
2551,不精,-1
2552,不誠実,-1
2554,不鮮明,-1
2556,不相応,-1
2560,不束,-1
2562,不体裁,-1
2564,不退転,-1
2568,不釣合,-1
2570,不定,-1
2572,不適,-1
2576,不適切,-1
2578,不適当,-1
2582,不徹底,-1
2584,不透明,-1
2586,不同,-1
2588,不得要領,-1
2592,不評,-1
2593,不敏,-1
2595,不本意,-1
2597,不味い,-1
2598,不明瞭,-1
2600,不明朗,-1
2602,不面目,-1
2604,不慮,-1
2608,不躾,-1
2612,付け,-1
2613,付け焼き刃,-1
2617,敷居,-1
2618,浮き腰,-1
2622,浮き足立つ,-1
2623,浮薄,-1
2631,風向き,-1
2633,風来坊,-1
2637,腹,-1
2641,腹だつ,-1
2642,腹黒い,-1
2643,複雑,-1
2648,物々しい,-1
2649,物わかり,-1
2651,物恐ろしい,-1
2652,物見高い,-1
2653,物寂しい,-1
2654,物臭,-1
2658,物凄まじい,-1
2659,物足りない,-1
2660,物体,-1
2661,物悲しい,-1
2662,物物しい,-1
2663,物憂い,-1
2664,分,-1
2666,分から,-1
2667,分かり,-1
2668,分別臭い,-1
2669,紛い物,-1
2673,紛然,-1
2677,紛紛,-1
2681,文無し,-1
2685,聞きづらい,-1
2686,聞きにくい,-1
2687,聞き苦しい,-1
2688,聞き辛い,-1
2689,聞き分け,-1
2690,聞く,-1
2691,聞苦しい,-1
2692,兵六玉,-1
2696,米食い虫,-1
2700,癖,-1
2701,蔑む,-1
2702,蔑ろ,-1
2704,偏狭,-1
2706,偏屈,-1
2708,偏窟,-1
2714,変則,-1
2716,片意地,-1
2720,片寄る,-1
2721,片腹痛い,-1
2722,辺ぴ,-1
2724,辺鄙,-1
2726,放佚,-1
2728,法外,-1
2730,飽き,-1
2732,飽く,-1
2733,乏しい,-1
2734,忙しい,-1
2735,暴悪,-1
2739,暴慢,-1
2741,暴戻,-1
2745,暴力,-1
2747,謀叛,-1
2748,朴念仁,-1
2752,凡愚,-1
2756,凡骨,-1
2760,埋もれる,-1
2761,末恐ろしい,-1
2762,慢性,-1
2764,漫ろ,-1
2766,味,-1
2770,味気,-1
2772,味噌っ滓,-1
2776,未練がましい,-1
2777,魅力,-1
2778,妙ちきりん,-1
2780,無,-1
2784,無愛敬,-1
2788,無愛嬌,-1
2792,無闇矢鱈,-1
2794,無意義,-1
2796,無為,-1
2798,無縁,-1
2800,無音,-1
2804,無機,-1
2806,無気味,-1
2810,無骨,-1
2814,無作法,-1
2818,無粋,-1
2820,無恥,-1
2824,無鉄砲,-1
2826,無頓着,-1
2828,無礼,-1
2829,冥々,-1
2833,名ばかり,-1
2837,名残惜しい,-1
2838,命知らず,-1
2842,滅相,-1
2845,滅多矢鱈,-1
2847,滅茶,-1
2849,滅茶苦茶,-1
2851,滅茶滅茶,-1
2854,面はゆい,-1
2855,面映ゆい,-1
2856,面憎い,-1
2857,面倒い,-1
2858,面倒臭い,-1
2859,面白み,-1
2860,模糊,-1
2864,妄り,-1
2866,毛羽立つ,-1
2867,盲信,-1
2870,木偶,-1
2874,木偶の坊,-1
2878,目,-1
2886,目茶,-1
2888,勿体ない,-1
2889,問題児,-1
2893,悶悶,-1
2897,爺むさい,-1
2898,野卑,-1
2900,野暮,-1
2902,野暮ったい,-1
2903,野暮天,-1
2907,野鄙,-1
2911,油っこい,-1
2912,油断大敵,-1
2916,憂い,-1
2917,憂うつ,-1
2919,有り勝ち,-1
2921,有り得る,-1
2922,有頂天,-1
2926,有難迷惑,-1
2928,由々しい,-1
2929,由無い,-1
2930,由由しい,-1
2931,遊び,-1
2933,余儀ない,-1
2934,余計,-1
2936,余裕,-1
2938,与太,-1
2942,妖しい,-1
2943,揺らぐ,-1
2944,要注意,-1
2948,欲,-1
2949,欲深,-1
2953,欲張り,-1
2957,頼み少ない,-1
2958,頼め,-1
2959,頼り,-1
2961,落ちぶれる,-1
2962,落ち着か,-1
2963,落ち着き,-1
2965,乱脈,-1
2967,裏目,-1
2971,率爾,-1
2975,立遅れる,-1
2976,竜頭蛇尾,-1
2980,涼しい,-1
2984,良い,-1
2985,力無げ,-1
2987,淋しい,-1
2988,累卵,-1
2992,冷やか,-1
2994,冷ややか,-1
2996,冷や冷や,-1
2997,冷酷,-1
3001,冷然,-1
3005,冷淡,-1
3007,劣,-1
3011,劣る,-1
3012,憐れ,-1
3014,蓮っ葉,-1
3016,労しい,-1
3017,老醜,-1
3021,論外,-1
3024,佶屈,-1
3026,侘しい,-1
3027,傲岸,-1
3029,凛冽,-1
3033,吝ん坊,-1
3038,奢る,-1
3039,奸悪,-1
3043,奸賊,-1
3047,寥寥,-1
3051,尠少,-1
3053,嶮難,-1
3055,怱忙,-1
3059,恬然,-1
3060,悄然,-1
3064,慄然,-1
3068,憮然,-1
3072,懦弱,-1
3074,懶い,-1
3075,朧,-1
3077,鬱陶しい,-1
3078,渾沌,-1
3082,熾烈,-1
3084,狡い,-1
3085,狡辛い,-1
3086,狡猾,-1
3088,狡獪,-1
3092,狷介,-1
3094,猥雑,-1
3098,猥褻,-1
3100,獰猛,-1
3104,瑣細,-1
3106,瑣末,-1
3108,疚しい,-1
3109,癇,-1
3110,穢い,-1
3111,穢らしい,-1
3112,穢らわしい,-1
3113,羞悪,-1
3117,羸弱,-1
3119,翳り,-1
3123,耄碌,-1
3124,聊爾,-1
3126,腑,-1
3131,腑抜け,-1
3138,茫洋,-1
3140,褊狭,-1
3144,訝しい,-1
3145,諤々,-1
3148,諤諤,-1
3152,贅沢,-1
3153,躁急,-1
3155,遽しい,-1
3156,鄙劣,-1
3158,鄙猥,-1
3160,鄙陋,-1
3164,陋劣,-1
3166,驕傲,-1
3170,驕奢,-1
3172,,1
3173,あこがれる,1
3174,あじわう,1
3175,かなう,1
3176,こだわり,1
3177,したう,1
3178,すがすがしい,1
3179,すすめる,1
3180,そろう,1
3181,できあがる,1
3182,なおる,1
3183,ぬぐえる,1
3184,はかどる,1
3185,はがせる,1
3186,はずせる,1
3187,はたせる,1
3188,ほっと,1
3189,ほめる,1
3190,ほれる,1
3191,ほれ込む,1
3192,まぬがれる,1
3193,みたす,1
3194,もてなし,1
3195,やせる,1
3196,よろこぶ,1
3197,ストレス,1
3198,愛さ,1
3201,扱える,1
3202,慰め,1
3205,移せる,1
3206,育つ,1
3207,育て,1
3209,飲み干せる,1
3210,飲み込める,1
3211,温まる,1
3212,改める,1
3213,開け,1
3218,外せる,1
3219,楽しい,1
3220,楽しむ,1
3221,恰好,1
3222,活かす,1
3223,叶う,1
3224,寛ぐ,1
3225,感無量,1
3229,慣れる,1
3232,貫ける,1
3233,間に合う,1
3234,頑張る,1
3235,頑張れる,1
3236,喜ぶ,1
3237,気にいる,1
3238,気に入る,1
3239,気持,1
3240,気持ち,1
3241,気持ちいい,1
3242,気持ち良い,1
3243,貴ぶ,1
3244,救う,1
3245,教え,1
3246,胸,1
3250,極める,1
3251,薫る,1
3252,契約,1
3255,敬う,1
3262,研ける,1
3263,研げる,1
3265,肩身,1
3270,好く,1
3271,好む,1
3274,耕せる,1
3277,惚れこむ,1
3278,惚れる,1
3279,惚れ惚れ,1
3280,惚れ込む,1
3281,産ま,1
3284,産める,1
3287,支払える,1
3288,似合う,1
3290,治る,1
3291,自信,1
3292,実る,1
3293,惹か,1
3296,取り除ける,1
3297,受け付け,1
3298,授かる,1
3299,授け,1
3300,収まる,1
3301,修める,1
3302,祝っ,1
3303,出来,1
3304,出来る,1
3305,出来上がる,1
3306,潤う,1
3307,助かる,1
3308,勝つ,1
3309,勝てる,1
3310,譲っ,1
3311,伸びる,1
3312,信じる,1
3313,心酔,1
3314,親しむ,1
3315,吹ける,1
3316,遂げる,1
3317,澄む,1
3318,整う,1
3319,晴れる,1
3320,盛り上げる,1
3321,掻き立てる,1
3322,送っ,1
3323,贈る,1
3324,足りる,1
3325,足る,1
3326,揃う,1
3329,待ち遠しい,1
3330,待遠しい,1
3331,鍛え,1
3333,断ち切る,1
3334,断切る,1
3335,暖める,1
3337,蓄える,1
3338,貯える,1
3339,貯める,1
3340,調う,1
3343,調べる,1
3344,跳べる,1
3345,捗る,1
3346,直し,1
3347,直る,1
3348,適う,1
3349,動か,1
3354,動ける,1
3357,導ける,1
3358,憧れる,1
3359,匂う,1
3360,入れ,1
3361,買い戻せる,1
3362,薄らぐ,1
3363,付き合う,1
3364,富む,1
3365,撫で,1
3368,編める,1
3369,保つ,1
3370,縫える,1
3371,望める,1
3374,満腹,1
3375,味わう,1
3376,免れる,1
3377,儲,1
3378,儲かる,1
3379,優る,1
3380,落ち着く,1
3381,落ち着ける,1
3382,履ける,1
3383,理解,1
3384,離せる,1
3385,労っ,1
3388,賄える,1
3389,恍惚,1
3393,憬れる,1
3394,挾め,1
3395,揉ん,1
3397,ＧＯＯＤ,1
3398,Ｇｏｏｄ,1
3399,ＶＩＰ,1
3403,ｇｏｏｄ,1
3404,あう,1
3405,あか抜ける,1
3406,あでやか,1
3408,あわせ,1
3409,いい,1
3427,いかす,1
3428,いじらしい,1
3429,いたいけ,1
3431,いとおしい,1
3432,うきうき,1
3433,うっとり,1
3434,うなづける,1
3435,うまい,1
3436,えり抜き,1
3440,おいしい,1
3441,おおらか,1
3443,おしゃま,1
3447,おすすめ,1
3451,おとなしやか,1
3453,おなじみ,1
3457,お気にいり,1
3461,お気に入り,1
3469,お買い得,1
3473,かいがいしい,1
3474,かしこい,1
3475,かっちり,1
3476,かっ達,1
3478,かわいらしい,1
3479,きっちり,1
3480,きびきび,1
3482,きめ細か,1
3484,きめ細かい,1
3485,きらめく,1
3486,きりりと,1
3487,くつろげる,1
3488,けざやか,1
3490,こころよい,1
3492,こなす,1
3493,こなせる,1
3494,こなれる,1
3496,さかしい,1
3497,さすが,1
3498,さとい,1
3502,さりげ,1
3503,ざっくばらん,1
3505,しおらしい,1
3506,したしい,1
3507,しっくり,1
3508,しっとり,1
3509,しのぐ,1
3510,しめやか,1
3512,しゃれる,1
3513,しんなり,1
3514,すご腕,1
3518,すすどい,1
3519,すばやい,1
3520,すばらしい,1
3521,すべすべ,1
3522,すらり,1
3523,ずばぬける,1
3524,ずば抜ける,1
3525,そこはかとない,1
3526,そそる,1
3527,ぞっこん,1
3528,たくましい,1
3529,たぐい,1
3530,たやすい,1
3531,ちゃんと,1
3532,ちょうど,1
3534,つかみ,1
3535,つぶら,1
3537,つましい,1
3538,つまびらか,1
3540,つやつや,1
3541,つややか,1
3543,どんぴしゃり,1
3544,なじむ,1
3545,なじめる,1
3546,なつかしい,1
3547,なまめかしい,1
3548,にぎにぎしい,1
3549,のびのび,1
3550,のびやか,1
3552,はえる,1
3553,はしこい,1
3554,ばら色,1
3558,ひきしまる,1
3560,ぴか一,1
3564,ぴちぴち,1
3565,ぴったり,1
3566,ふさわしい,1
3567,ふたつ,1
3568,ふっくら,1
3569,ふんだん,1
3571,ふんわり,1
3572,ぷりぷり,1
3573,べた,1
3574,べらぼう,1
3576,べら棒,1
3578,ほっそり,1
3579,ほのぼの,1
3580,ほほえましい,1
3581,ほれぼれ,1
3582,まずまず,1
3583,まとまる,1
3584,まばゆい,1
3585,まめやか,1
3587,みずみずしい,1
3588,みめよい,1
3589,むつ,1
3590,めきめき,1
3591,めざましい,1
3592,めずらしい,1
3593,めでたい,1
3594,もっけの幸い,1
3598,もの珍しい,1
3599,やさしい,1
3600,やすやす,1
3601,やり手,1
3605,やわらかい,1
3606,やんごとない,1
3607,やんわり,1
3608,ゆかしい,1
3609,ゆったり,1
3610,ゆとり,1
3611,よく,1
3612,よろしい,1
3613,らい落,1
3615,りりしい,1
3617,わかり,1
3618,わくわく,1
3619,アジ,1
3620,イイ,1
3621,インテリジェント,1
3625,ウケる,1
3626,エクセレント,1
3627,エポックメーキング,1
3629,オススメ,1
3633,カッコ,1
3634,カリスマ,1
3636,キビキビ,1
3637,クリア,1
3638,グッド,1
3639,グッドルッキング,1
3640,ゴージャス,1
3642,シ,1
3643,シャレる,1
3644,シル,1
3646,ジェントル,1
3647,スゲーッ,1
3648,スゴクイイ,1
3649,スペッシャル,1
3650,スポーティ,1
3652,セーフティ,1
3653,セーフティー,1
3654,ソフィスティケート,1
3655,ゾッコン,1
3656,ダンディー,1
3660,チャーミング,1
3662,デリシャス,1
3663,トップ,1
3667,トルクフル,1
3668,ドレッシー,1
3670,ハイ,1
3674,ハイカラ,1
3676,ハイクラス,1
3680,バツグン,1
3681,ビビッド,1
3683,ビューティフル,1
3684,ピカ,1
3688,ピッタリ,1
3689,ピュア,1
3691,ファンタスチック,1
3692,ファンタスティック,1
3693,ベストチョイス,1
3694,ベター,1
3698,マル,1
3702,メキメキ,1
3703,メジャー,1
3705,メリット,1
3706,メリハリ,1
3709,ラ,1
3710,レア,1
3711,愛くるしい,1
3712,愛しい,1
3713,愛らしい,1
3714,愛想,1
3717,悪気,1
3718,扱い,1
3719,安閑,1
3723,安上り,1
3727,安定,1
3730,偉い,1
3733,威風,1
3734,意欲,1
3736,易々,1
3740,易易,1
3741,違和感,1
3744,一級,1
3746,一石二鳥,1
3750,一徹,1
3752,印象,1
3754,印象深い,1
3755,引き伸ばせる,1
3756,引っ張りだこ,1
3761,映えばえしい,1
3762,映える,1
3763,悦ばしい,1
3764,円やか,1
3766,艶,1
3767,汚れ,1
3768,奥ゆかしい,1
3769,奥床しい,1
3770,奥深い,1
3771,押し,1
3772,何気ない,1
3773,何気無い,1
3774,価する,1
3775,価値,1
3777,可愛い,1
3778,可愛らしい,1
3779,可笑しい,1
3780,家庭,1
3781,家庭的,1
3782,華,1
3783,華々しい,1
3784,華やかさ,1
3785,華華しい,1
3786,画期的,1
3790,会える,1
3791,解放,1
3793,快哉,1
3797,懐,1
3798,開放,1
3800,外柔内剛,1
3804,該博,1
3808,格好,1
3809,格好いい,1
3810,格上げ,1
3811,格段,1
3813,格別,1
3815,革新,1
3819,学べる,1
3820,楽々,1
3821,楽しめる,1
3822,楽ちん,1
3824,顎,1
3825,割,1
3826,割に,1
3827,割り,1
3830,活きる,1
3831,活き活き,1
3832,活気,1
3833,滑脱,1
3835,噛み,1
3836,乾か,1
3839,勧める,1
3840,堪能,1
3841,完全,1
3845,寛げる,1
3846,寛大,1
3848,寛闊,1
3850,干せる,1
3851,感じ,1
3852,感動,1
3854,敢然,1
3855,歓ぶ,1
3856,汗,1
3857,甘露,1
3862,閑雅,1
3864,閑閑,1
3868,閑人,1
3872,顔,1
3874,願わしい,1
3875,危なげない,1
3876,喜ばしい,1
3877,奇跡,1
3879,奇想天外,1
3881,奇天烈,1
3882,嬉々,1
3883,嬉しい,1
3884,機嫌,1
3885,毅然,1
3888,毅然たる,1
3889,毅然と,1
3892,気,1
3899,気づよい,1
3900,気安い,1
3901,気強い,1
3902,気高い,1
3903,気丈夫,1
3905,気品,1
3906,気分,1
3907,稀少,1
3911,貴い,1
3912,軌道,1
3913,輝かしい,1
3918,宜しい,1
3919,義人,1
3920,義理堅い,1
3921,吸い込める,1
3924,吸える,1
3925,究極,1
3927,許せる,1
3928,強靭,1
3931,恭しい,1
3933,興味,1
3935,興味深い,1
3936,興味津々,1
3940,驚異,1
3942,筋金入り,1
3946,近代,1
3948,金,1
3949,金城鉄壁,1
3953,金鉄,1
3957,苦,1
3959,具合,1
3960,軍配,1
3961,恵まれる,1
3962,慧眼,1
3964,敬服,1
3965,敬慕,1
3966,敬虔,1
3970,景気,1
3971,経済,1
3973,警抜,1
3975,軽捷,1
3977,芸,1
3978,隙,1
3979,欠点,1
3980,潔い,1
3985,兼ね備える,1
3986,堅忍不抜,1
3990,嫌み,1
3991,嫌味,1
3992,見やすい,1
3993,見よい,1
3994,見易い,1
3995,見込む,1
3996,見目,1
3998,見目好い,1
3999,謙抑,1
4001,賢い,1
4002,減ら,1
4004,言う,1
4006,個性,1
4007,孤高,1
4009,誇らか,1
4011,誇らしい,1
4012,誇れる,1
4015,雇える,1
4016,効き目,1
4017,効果,1
4018,口上手,1
4022,向上,1
4023,垢,1
4024,垢抜ける,1
4025,好い,1
4026,好ましい,1
4027,好もしい,1
4028,好意,1
4030,好漢,1
4034,好条件,1
4038,好適,1
4040,宏遠,1
4042,宏量,1
4044,巧緻,1
4048,広々,1
4051,広やか,1
4053,広壮,1
4057,広大,1
4059,広漠,1
4063,広量,1
4067,広闊,1
4069,昂揚,1
4070,硬骨,1
4072,肯定,1
4074,行ける,1
4075,香る,1
4076,高まる,1
4077,高める,1
4078,高雅,1
4082,高貴,1
4087,高級,1
4089,高潔,1
4091,高尚,1
4093,高水準,1
4095,高大,1
4097,高名,1
4099,高邁,1
4101,剛毅,1
4105,剛健,1
4109,剛胆,1
4111,剛勇,1
4113,合う,1
4114,合わせ,1
4115,合格,1
4116,合目的的,1
4118,合理,1
4120,豪い,1
4121,豪華,1
4122,豪気,1
4124,豪儀,1
4126,豪勢,1
4128,豪壮,1
4130,豪胆,1
4132,豪宕,1
4134,豪放,1
4138,轟かせる,1
4139,腰,1
4141,骨太,1
4145,懇ろ,1
4147,懇篤,1
4151,差,1
4153,座り,1
4156,最上,1
4160,最上級,1
4166,塞げる,1
4167,犀利,1
4169,細心,1
4171,細密,1
4173,細緻,1
4177,際だつ,1
4178,際立つ,1
4179,冴える,1
4180,三拍子,1
4182,燦燦,1
4186,燦然,1
4187,燦爛,1
4191,賛成,1
4192,賛同,1
4193,斬新,1
4195,仕合せ,1
4197,使い,1
4199,刺激,1
4201,思い切り,1
4202,思わしい,1
4203,旨い,1
4205,至高,1
4209,至便,1
4213,試し,1
4216,試せる,1
4218,事足りる,1
4219,似あわしい,1
4220,似つかわしい,1
4221,似合い,1
4225,似合しい,1
4226,慈しむ,1
4227,慈愛,1
4228,慈悲,1
4229,持ち運べる,1
4230,持ち歩ける,1
4231,治せる,1
4233,自若,1
4242,自分,1
4243,質感,1
4245,質実,1
4249,実直,1
4253,実用,1
4257,酌み交わせ,1
4258,若々しい,1
4259,若い,1
4260,若若しい,1
4261,取り扱い,1
4262,取り回し,1
4265,取り消せる,1
4270,取消せ,1
4273,手がたい,1
4274,手がるい,1
4275,手ごたえ,1
4276,手ごろ,1
4278,手っとり早い,1
4279,手っ取り早い,1
4280,手ばやい,1
4281,手びろい,1
4282,手軽い,1
4283,手堅い,1
4284,手厚い,1
4285,手広い,1
4286,手早い,1
4287,手速い,1
4288,手抜かり,1
4290,趣,1
4293,秀でる,1
4294,秀悦,1
4295,秀麗,1
4301,住める,1
4302,充溢,1
4303,充分,1
4306,十分,1
4308,柔かい,1
4309,柔らか,1
4311,柔らかい,1
4312,俊敏,1
4316,純良,1
4320,順応,1
4321,庶民,1
4323,女らしい,1
4324,勝る,1
4325,勝れる,1
4326,奨め,1
4330,奨める,1
4331,小,1
4333,小ぎれい,1
4335,小意気,1
4337,小器用,1
4341,小気味,1
4342,小気味よい,1
4343,小才,1
4344,小躍り,1
4345,床しい,1
4348,消せる,1
4351,省ける,1
4352,賞賛,1
4353,賞嘆,1
4354,上々,1
4356,上位,1
4360,上級,1
4364,上向く,1
4365,上根,1
4366,上手い,1
4367,上出来,1
4369,上上吉,1
4373,上等,1
4377,情,1
4378,情け深い,1
4379,情深い,1
4382,拭ける,1
4385,殖やせる,1
4386,色,1
4388,色っぽい,1
4389,色気,1
4392,伸ばせる,1
4393,伸び,1
4394,伸び伸び,1
4395,心,1
4396,心づよい,1
4397,心安い,1
4398,心温まる,1
4399,心掛ける,1
4400,心強い,1
4401,心丈夫,1
4403,心憎い,1
4404,心地,1
4405,心地よい,1
4406,心地好い,1
4407,心置き,1
4408,慎ましい,1
4409,慎む,1
4410,新規,1
4411,深遠,1
4413,深奥,1
4417,深切,1
4421,申し込める,1
4424,申込め,1
4425,真っ正直,1
4427,真新しい,1
4428,神々しい,1
4429,神神しい,1
4430,紳士,1
4432,親しい,1
4433,親しみ,1
4434,身,1
4435,身ぎれい,1
4438,辛抱,1
4439,辛抱強い,1
4441,人,1
4442,人懐っこい,1
4443,人気,1
4444,人情,1
4445,人目,1
4446,尋常,1
4448,水際立つ,1
4449,粋人,1
4453,酔える,1
4454,瑞々しい,1
4455,瑞瑞しい,1
4456,崇高,1
4458,数少ない,1
4459,澄ん,1
4460,澄明,1
4464,世界,1
4468,世話,1
4469,世話好き,1
4473,勢い,1
4474,整然,1
4477,整然と,1
4478,正正堂堂,1
4482,正善,1
4483,正統,1
4484,清々,1
4485,清々しい,1
4486,清い,1
4487,清新,1
4489,清清,1
4490,清清しい,1
4491,清爽,1
4495,清廉,1
4501,生,1
4502,生き生き,1
4503,盛りあがる,1
4504,盛り上がる,1
4505,盛栄,1
4509,精しい,1
4510,精細,1
4514,精良,1
4516,精悍,1
4518,誠意,1
4519,静謐,1
4521,積み込める,1
4522,積める,1
4523,積極,1
4525,絶大,1
4527,絶品,1
4531,先鋭,1
4533,先駆,1
4535,先進,1
4537,尖鋭,1
4541,洗い流せる,1
4544,洗える,1
4546,薦める,1
4549,選べる,1
4550,鮮鋭,1
4554,善良,1
4558,楚々たる,1
4559,楚楚,1
4563,素晴らしい,1
4564,素早い,1
4567,壮大,1
4569,壮麗,1
4571,掃ける,1
4574,操る,1
4575,相応,1
4577,相応しい,1
4578,聡明,1
4579,蒼古,1
4583,蒼茫,1
4587,走り,1
4593,増やせる,1
4594,憎め,1
4595,造作,1
4600,尊い,1
4601,尊大,1
4603,損,1
4604,多才,1
4608,多士,1
4612,多能,1
4616,多望,1
4618,泰山,1
4622,泰然,1
4626,大,1
4627,大いなる,1
4628,大業,1
4632,大人,1
4633,大人しい,1
4634,鷹揚,1
4636,卓越,1
4637,卓出,1
4638,卓絶,1
4639,単簡,1
4643,単品,1
4646,探せる,1
4647,端正,1
4649,端麗,1
4651,胆,1
4652,暖か,1
4654,暖かい,1
4655,暖まる,1
4656,男々しい,1
4657,男らしい,1
4658,男性,1
4660,値する,1
4662,知性,1
4664,稚い,1
4667,注げる,1
4668,張り,1
4671,調子,1
4672,超越,1
4673,超凡,1
4677,長ける,1
4678,沈毅,1
4680,珍しい,1
4681,追加,1
4684,通える,1
4685,通り,1
4686,釣り合う,1
4687,釣合う,1
4690,定か,1
4692,定評,1
4693,程よい,1
4694,諦め,1
4696,鄭重,1
4700,擢んでる,1
4701,敵,1
4703,適し,1
4704,適する,1
4705,適応,1
4706,適格,1
4710,適宜,1
4712,典雅,1
4714,天空海闊,1
4722,都雅,1
4724,都会,1
4726,陶然,1
4730,頭,1
4732,堂々,1
4736,堂々たる,1
4737,堂堂,1
4741,得意満面,1
4745,得難い,1
4746,特別,1
4748,篤い,1
4749,篤実,1
4751,独創,1
4754,独特,1
4756,馴染む,1
4757,馴染める,1
4758,軟かい,1
4759,軟らか,1
4761,軟らかい,1
4762,難,1
4763,賑わしい,1
4764,入り,1
4767,入魂,1
4771,如才,1
4775,認める,1
4776,熱望,1
4777,熱烈,1
4781,燃やせる,1
4782,粘り強い,1
4783,濃やか,1
4785,濃密,1
4787,納まる,1
4790,能力,1
4791,覗ける,1
4792,派手やか,1
4798,馬力,1
4799,廃り,1
4800,買い得,1
4804,売れ,1
4805,剥が,1
4810,剥せる,1
4811,白眉,1
4815,迫力,1
4816,抜きんでる,1
4817,抜け目,1
4821,盤石,1
4827,疲れ,1
4830,非の打ち所,1
4833,飛び抜ける,1
4834,備わる,1
4835,微笑ましい,1
4836,美々しい,1
4837,美しい,1
4838,美事,1
4842,美味い,1
4843,美味しい,1
4844,鼻,1
4845,百花繚乱,1
4849,百戦錬磨,1
4853,品,1
4855,品行,1
4859,敏い,1
4860,敏活,1
4862,不抜,1
4866,不撓,1
4870,富有,1
4874,富裕,1
4876,風雅,1
4878,風流,1
4879,風靡,1
4880,幅利き,1
4884,福福しい,1
4885,腹,1
4887,腹太,1
4890,沸か,1
4893,物わかり,1
4895,物堅い,1
4896,物知り,1
4900,分,1
4902,分かる,1
4903,分相応,1
4906,平滑,1
4914,平均,1
4915,平然,1
4918,平然たる,1
4919,平然と,1
4920,並外れる,1
4921,癖,1
4922,別格,1
4926,別懇,1
4928,別嬪,1
4934,補える,1
4935,慕わしい,1
4936,崩れ,1
4937,方正,1
4939,芳しい,1
4940,豊潤,1
4944,豊満,1
4948,飽き,1
4949,望ましい,1
4950,望む,1
4951,防ぐ,1
4954,防げる,1
4955,睦まじい,1
4958,磨ける,1
4959,末,1
4960,末頼もしい,1
4961,万鈞,1
4967,満た,1
4968,満ち,1
4970,満ち足りる,1
4971,満足,1
4973,味,1
4974,味わい深い,1
4975,味わえる,1
4976,魅する,1
4977,魅せる,1
4978,魅力,1
4981,魅惑,1
4983,脈,1
4984,夢,1
4985,夢心地,1
4989,無尽蔵,1
4991,無疵,1
4993,名,1
4996,名うて,1
4997,名だたる,1
4998,名高い,1
4999,名車,1
5003,名誉,1
5004,明けっ広げ,1
5008,明りょう,1
5010,明るい,1
5011,明達,1
5015,明哲,1
5019,明敏,1
5022,鳴ら,1
5025,面白,1
5027,面白い,1
5028,猛勇,1
5034,目,1
5038,目映い,1
5041,目指せ,1
5042,目出度い,1
5043,目新しい,1
5044,目抜き,1
5048,目立つ,1
5049,問題,1
5050,役だつ,1
5051,役に立つ,1
5052,役立つ,1
5053,訳,1
5054,愉しい,1
5055,癒す,1
5056,優れる,1
5058,優生,1
5062,優先,1
5064,優等生,1
5070,優良,1
5074,優婉,1
5076,勇ましい,1
5077,勇壮,1
5081,悠然,1
5084,悠然と,1
5085,悠長,1
5087,悠悠,1
5091,有り難い,1
5092,有り余る,1
5093,有難い,1
5094,有能,1
5100,遊べる,1
5101,雄々しい,1
5102,雄偉,1
5106,雄雄しい,1
5107,雄勁,1
5111,雄渾,1
5113,余裕,1
5115,余裕綽綽,1
5119,誉める,1
5122,幼,1
5123,妖艶,1
5125,容易い,1
5126,揺るぎない,1
5127,溶かせる,1
5130,用意,1
5132,欲,1
5133,欲張る,1
5136,頼もしい,1
5137,落ち着き払っ,1
5138,利く,1
5139,利す,1
5140,利口,1
5144,理性,1
5146,理想,1
5149,裏切る,1
5150,律儀,1
5156,流せる,1
5157,流行,1
5158,流行る,1
5159,流石,1
5162,流用,1
5163,流麗,1
5165,溜飲,1
5166,粒ぞろい,1
5170,凌ぐ,1
5171,凌駕,1
5172,涼しい,1
5173,涼やか,1
5175,良い,1
5177,良識,1
5179,良心,1
5181,力強い,1
5182,力持ち,1
5186,涙ぐましい,1
5189,冷やせる,1
5190,怜悧,1
5192,玲瓏,1
5196,麗しい,1
5197,歴々,1
5201,歴然たる,1
5202,廉潔,1
5206,廉直,1
5208,朗らか,1
5210,和らぐ,1
5211,和らげる,1
5212,話す,1
5214,腕,1
5216,腕きき,1
5220,凛々しい,1
5221,凛と,1
5222,凛乎,1
5226,凛然,1
5230,凛凛,1
5234,剴切,1
5236,屁の河童,1
5240,慥か,1
5242,昵懇,1
5246,洒々落々,1
5250,洒落る,1
5251,瀟洒,1
5253,炯眼,1
5255,煌煌,1
5259,爛漫,1
5263,甦生,1
5265,薔薇色,1
5269,讚える,1
5270,逞しい,1
5271,鑽仰,1
5272,闊達,1
5274,鞏固,1
5276,颯爽,1
